{
    "scipy_fft_time": [
        0.007824257998436224,
        0.0006130819983809488,
        0.001208146000863053,
        0.003699140999742667,
        0.014812632998655317,
        0.06261108699982287,
        0.38055014600104187,
        1.8567352179998124
    ],
    "scipy_ifft_time": [
        0.0005358420003176434,
        0.0004887569994025398,
        0.001236078000147245,
        0.0039249500005098525,
        0.015893507999862777,
        0.11634306100131653,
        0.5899530139995477,
        2.7969731470002444
    ],
    "scipy_mse": [
        2.3823885843699683e-14,
        2.452827505450457e-14,
        3.559599040222142e-14,
        3.367020678653014e-14,
        3.8393997725018336e-14,
        4.2134298708449563e-14,
        5.2958200704496944e-14,
        5.549263170289906e-14
    ],
    "numpy_fft_time": [
        0.001111674999265233,
        0.000960584000495146,
        0.0023818110003048787,
        0.008764387001065188,
        0.046467219000987825,
        0.27796883699920727,
        1.4329589539993322,
        9.668765636999524
    ],
    "numpy_ifft_time": [
        0.0007854699997551506,
        0.0009640520001994446,
        0.0027623489986581262,
        0.009735425999679137,
        0.05162500199912756,
        0.3405590660004236,
        1.8845975280000857,
        13.083098807999704
    ],
    "numpy_mse": [
        4.9161477720315675e-32,
        4.949904443304131e-32,
        5.936145085264793e-32,
        7.170174554818719e-32,
        7.292939254259363e-32,
        7.901759808403652e-32,
        8.542399057595259e-32,
        9.769228241839411e-32
    ],
    "tf_fft_time": [
        0.008055719999902067,
        0.0009656820002419408,
        0.002766479999991134,
        0.0037331139992602402,
        0.009600024999599555,
        0.042258011000740225,
        0.2997836610011291,
        0.96737185100028
    ],
    "tf_ifft_time": [
        0.0009742980000737589,
        0.00039216799996211194,
        0.0015588919995934702,
        0.0022242060003918596,
        0.004044686000270303,
        0.02231284400113509,
        0.16616139899997506,
        0.7323630240007333
    ],
    "tf_mse": [
        2.1731463742229173e-14,
        2.0959406763334035e-14,
        2.745669834612434e-14,
        3.260499170459029e-14,
        3.2722705567336113e-14,
        3.2715255065532065e-14,
        3.6872885793943697e-14,
        4.2519058342542146e-14
    ],
    "cv2_fft_time": [
        0.008861897998940549,
        0.0003099169989582151,
        0.000637076998827979,
        0.0028431739992811345,
        0.009882684998956393,
        0.04961255999842251,
        0.2959396749993175,
        1.6783100979992014
    ],
    "cv2_ifft_time": [
        0.0008843489995342679,
        0.0008996420001494698,
        0.0005693589992006309,
        0.0022590499993384583,
        0.009191342998747132,
        0.04645305700069002,
        0.3526268749992596,
        1.634090675999687
    ],
    "cv2_mse": [
        2.7376565641182293e-14,
        3.3590412894766997e-14,
        3.369899913047321e-14,
        3.819217349061016e-14,
        4.063302767713141e-14,
        4.4143667535375894e-14,
        6.307153014922448e-14,
        7.105011972643668e-14
    ],
    "torch_fft_time": [
        0.011838960999739356,
        0.004652157998862094,
        0.004764944000271498,
        0.0023983899991435464,
        0.003553391001332784,
        0.03165420000004815,
        0.1749300339997717,
        0.7460843530006969
    ],
    "torch_ifft_time": [
        0.004652212001019507,
        0.001318134998655296,
        0.0017728519997035619,
        0.002467857999363332,
        0.002608689999760827,
        0.011886934998983634,
        0.11028949699903023,
        0.5157012099989515
    ],
    "torch_mse": [
        1.7262246861972363e-14,
        2.4946233297931837e-14,
        2.4059896327859043e-14,
        2.846413561666608e-14,
        3.3230403563393185e-14,
        3.588546560601147e-14,
        4.6722689736253264e-14,
        4.6331546861870174e-14
    ],
    "sizes": [
        32,
        64,
        128,
        256,
        512,
        1024,
        2048,
        4096
    ]
}